{
  "task_id": "task_hard",
  "ticker": "META",
  "starting_cash": 10000.0,
  "transaction_cost_rate": 0.001,
  "ideal_pnl_pct_series": [
    0.0,
    0.0,
    -0.000999,
    0.010656,
    0.021177,
    0.064779,
    0.064779,
    0.064779,
    0.064779,
    0.064779,
    0.063725,
    0.075116,
    0.075116,
    0.07405,
    0.078229,
    0.078229,
    0.078229,
    0.077153,
    0.133701,
    0.133701,
    0.132574,
    0.156894,
    0.16959,
    0.168423,
    0.168011,
    0.16685,
    0.168644,
    0.168644,
    0.167483,
    0.191687,
    0.190508,
    0.256965,
    0.255717,
    0.258506,
    0.258506,
    0.258506,
    0.257261,
    0.330725,
    0.330725,
    0.329403,
    0.345073,
    0.345073
  ],
  "ideal_pnl_pct_total": 0.345073,
  "ideal_portfolio_curve": [
    10000.0,
    10000.0,
    9990.012,
    10106.5624,
    10211.7722,
    10647.7856,
    10647.7856,
    10647.7856,
    10647.7856,
    10647.7856,
    10637.2527,
    10751.156,
    10751.156,
    10740.497,
    10782.2865,
    10782.2865,
    10782.2865,
    10771.5345,
    11337.0062,
    11337.0062,
    11325.7448,
    11568.9354,
    11695.902,
    11684.2277,
    11680.1068,
    11668.4966,
    11686.4366,
    11686.4366,
    11674.8341,
    11916.8671,
    11905.0784,
    12569.6519,
    12557.1687,
    12585.0644,
    12585.0644,
    12585.0644,
    12572.6112,
    13307.2496,
    13307.2496,
    13294.0277,
    13450.735,
    13450.735
  ]
}