{
  "task_id": "task_easy",
  "ticker": "AAPL",
  "starting_cash": 10000.0,
  "transaction_cost_rate": 0.001,
  "ideal_pnl_pct_series": [
    0.0,
    0.0,
    0.0,
    0.0,
    -0.000984,
    0.003252,
    0.003252,
    0.003252,
    0.002257,
    0.010604,
    0.010604,
    0.010604,
    0.009595,
    0.012437,
    0.020267,
    0.028329,
    0.04984,
    0.0488,
    0.061956,
    0.071279,
    0.094465,
    0.115292,
    0.11659,
    0.125972,
    0.126268,
    0.126268,
    0.12515,
    0.129056,
    0.13536,
    0.13536,
    0.134227,
    0.14303,
    0.141892,
    0.161132,
    0.167119,
    0.167119,
    0.165953,
    0.171715,
    0.179179,
    0.179179,
    0.178003,
    0.179797,
    0.182203
  ],
  "ideal_pnl_pct_total": 0.182203,
  "ideal_portfolio_curve": [
    10000.0,
    10000.0,
    10000.0,
    10000.0,
    9990.1632,
    10032.5241,
    10032.5241,
    10032.5241,
    10022.5678,
    10106.0388,
    10106.0388,
    10106.0388,
    10095.9468,
    10124.3672,
    10202.6666,
    10283.2866,
    10498.4016,
    10487.9952,
    10619.5649,
    10712.785,
    10944.6546,
    11152.9245,
    11165.9046,
    11259.7153,
    11262.6824,
    11262.6824,
    11251.4961,
    11290.5558,
    11353.5966,
    11353.5966,
    11342.273,
    11430.2998,
    11418.9242,
    11611.3246,
    11671.1854,
    11671.1854,
    11659.5321,
    11717.1522,
    11791.7854,
    11791.7854,
    11780.0257,
    11797.9664,
    11822.0332
  ]
}