{
  "task_id": "task_medium",
  "ticker": "INTC",
  "starting_cash": 10000.0,
  "transaction_cost_rate": 0.001,
  "ideal_pnl_pct_series": [
    0.0,
    0.0,
    -0.000998,
    -0.000572,
    0.031624,
    0.031624,
    0.030594,
    0.033249,
    0.033249,
    0.033249,
    0.032217,
    0.047449,
    0.079033,
    0.080601,
    0.095609,
    0.100089,
    0.109283,
    0.108179,
    0.111877,
    0.110769,
    0.114897,
    0.121003,
    0.119886,
    0.12322,
    0.1221,
    0.122027,
    0.120909,
    0.142213,
    0.15999,
    0.158834,
    0.185253,
    0.185253,
    0.18407,
    0.210331,
    0.210331,
    0.209123,
    0.208196,
    0.208196,
    0.208196,
    0.206991,
    0.236178
  ],
  "ideal_pnl_pct_total": 0.236178,
  "ideal_portfolio_curve": [
    10000.0,
    10000.0,
    9990.0167,
    9994.2768,
    10316.2372,
    10316.2372,
    10305.9362,
    10332.488,
    10332.488,
    10332.488,
    10322.1705,
    10474.4906,
    10790.3306,
    10806.0105,
    10956.0901,
    11000.8902,
    11092.8308,
    11081.7874,
    11118.7655,
    11107.6922,
    11148.9731,
    11210.0259,
    11198.8647,
    11232.1995,
    11221.0016,
    11220.2725,
    11209.095,
    11422.1254,
    11599.9048,
    11588.3379,
    11852.5347,
    11852.5347,
    11840.6999,
    12103.3111,
    12103.3111,
    12091.2337,
    12081.9641,
    12081.9641,
    12081.9641,
    12069.913,
    12361.7769
  ]
}